{
  "type": "object",
  "required": [
    "fonte",
    "data_publicacao",
    "titulo",
    "tipo_de_texto",
    "pags_pdf"
  ],
  "properties": {
    "fonte": {
      "type": "string"
    },
    "secao": {
      "type": [
        "string",
        "null"
      ]
    },
    "data_publicacao": {
      "type": "string"
    },
    "titulo": {
      "type": "string"
    },
    "subtitulo": {
      "type": [
        "string",
        "null"
      ]
    },
    "tipo_de_texto": {
      "type": "string"
    },
    "autor": {
      "type": [
        "string",
        "null"
      ]
    },
    "pags_pdf": {
      "type": "array",
      "items": {
        "type": "integer"
      }
    },
    "citacoes_politicos": {
      "type": "array",
      "items": {
        "type": "string"
      }
    },
    "citacoes_orgaos": {
      "type": "array",
      "items": {
        "type": "string"
      }
    },
    "citacoes_normas": {
      "type": "array",
      "items": {
        "type": "string"
      }
    },
    "mencoes_projetos_lei": {
      "type": "array",
      "items": {
        "type": "string"
      }
    },
    "resumo_curto": {
      "type": [
        "string",
        "null"
      ]
    },
    "url_original": {
      "type": [
        "string",
        "null"
      ]
    }
  }
}